﻿Timestamp,Date,Item Name,Category,Amount
6/30/2022 15:23,6/1/2022,June Rent,Rent,10100
6/30/2022 15:26,6/1/2022,CAR EMI,CAR EMI,7005
7/2/2022 19:23,6/1/2022,Food in Train (GIMB to SBC),Hotel & Restaurant,705
7/2/2022 19:23,6/1/2022,Cooly (GIMB to SBC),Travelling,200
7/2/2022 19:24,6/1/2022,CAB (SBC to Home),Travelling,407
7/2/2022 19:24,6/1/2022,Curd,Food & Grocery,22
7/2/2022 19:25,6/2/2022,Recharge (MOM),Mobile Recharge,107
7/2/2022 19:26,6/2/2022,Recharge (Self),Mobile Recharge,153
7/2/2022 19:27,6/2/2022,Curd  Aata Chocolate Maggi,Food & Grocery,204
7/2/2022 19:27,6/2/2022,Breakfast,Hotel & Restaurant,279
7/2/2022 19:28,6/2/2022,Lunch,Hotel & Restaurant,341
7/2/2022 19:29,6/3/2022,Milk & Curd,Food & Grocery,41
7/2/2022 19:29,6/2/2022,Grocery from Flipkart,Food & Grocery,506
7/2/2022 19:30,6/3/2022,Mobile Back Cover ( Ankit & Taruna ) ,Mobile Recharge,518
7/2/2022 19:31,6/3/2022,Vegetable ,Food & Grocery,97
7/2/2022 19:31,6/3/2022,Jaggary,Food & Grocery,110
7/2/2022 19:32,6/3/2022,Meenakshi Mall Cab (To-From),Travelling,250
7/2/2022 19:33,6/3/2022,Ice Gola,Hotel & Restaurant,180
7/2/2022 19:33,6/3/2022,Dinner,Hotel & Restaurant,876
7/2/2022 19:34,6/3/2022,Water,Hotel & Restaurant,100
7/2/2022 19:34,6/3/2022,Train Ticket,Travelling,2000
7/2/2022 19:35,6/4/2022,Milk & Curd,Food & Grocery,41
7/2/2022 19:35,6/4/2022,Milk Coupon,Food & Grocery,1230
7/2/2022 19:36,6/4/2022,Ice Cream,Food & Grocery,350
7/2/2022 19:36,6/5/2022,Dosa Batter,Food & Grocery,150
7/2/2022 20:27,6/4/2022,Dmart Grocery ,Food & Grocery,3016
7/2/2022 20:28,6/5/2022,Coconut + Grocery ,Food & Grocery,58
7/2/2022 20:29,6/6/2022,Cold drink ,Food & Grocery,35
7/2/2022 20:29,6/6/2022,Chocolate ,Food & Grocery,20
7/2/2022 20:31,6/7/2022,Chocolate & other,Food & Grocery,30
7/2/2022 20:31,6/8/2022,Pizza,Hotel & Restaurant,236
7/2/2022 20:32,6/9/2022,Vegetable ,Food & Grocery,27
7/2/2022 20:33,6/9/2022,Samosa Papdi,Food & Grocery,120
7/2/2022 20:33,6/9/2022,Saving blad,Other Expenses,189
7/2/2022 20:35,6/10/2022,Train Ticket ,Travelling,500
7/2/2022 20:35,6/10/2022,Iron Box,Other Expenses,1375
7/2/2022 20:36,6/10/2022,Dadam Curd,Food & Grocery,185
7/2/2022 20:37,6/10/2022,PaniPuri,Food & Grocery,180
7/2/2022 20:37,6/11/2022,Rice (Heena Aunty),Food & Grocery,190
7/2/2022 20:38,6/10/2022,Oil Aata Dmart,Food & Grocery,2626
7/2/2022 20:41,6/11/2022,Petrol,Other Expenses,400
7/2/2022 20:42,6/11/2022,Bread Shoes Butter Marker,Food & Grocery,266
7/2/2022 20:44,6/11/2022,Track Pant,Shopping,700
7/2/2022 20:45,6/11/2022,Cycle ,Shopping,1000
7/2/2022 20:46,6/11/2022,Pani Puri,Food & Grocery,70
7/2/2022 20:46,6/11/2022,Grocery shopping ,Food & Grocery,1055
7/2/2022 20:47,6/11/2022,Coconut ,Food & Grocery,40
7/2/2022 20:48,6/11/2022,Reliance Grocery ,Food & Grocery,275
7/2/2022 20:49,6/11/2022,Samosa Papadi,Food & Grocery,210
7/2/2022 20:49,6/11/2022,Regulator FAN,Other Expenses,179
7/2/2022 20:50,6/11/2022,Vegetable ,Food & Grocery,50
7/2/2022 20:50,6/11/2022,Papad,Food & Grocery,64
7/2/2022 20:52,6/11/2022,PK (Boxes Shoes Polish),Food & Grocery,229
7/2/2022 20:53,6/11/2022,Clinic ,Other Expenses,200
7/2/2022 20:53,6/11/2022,Namana hotel,Hotel & Restaurant,493
7/2/2022 20:54,6/18/2022,Tumkur ticket ,Travelling,420
7/2/2022 20:57,6/18/2022,Curd,Food & Grocery,99
7/2/2022 20:57,6/19/2022,Vada Pav,Food & Grocery,100
7/2/2022 20:58,6/19/2022,Ice cream ,Food & Grocery,175
7/2/2022 20:59,6/19/2022,Om Collection ,Shopping,1866
7/2/2022 21:12,6/19/2022,Photo frame ,Shopping,600
7/2/2022 21:13,6/20/2022,Hit,Food & Grocery,220
7/2/2022 21:14,6/20/2022,Pizza Material ,Food & Grocery,443
7/2/2022 21:15,6/20/2022,Vegetable ,Food & Grocery,157
7/2/2022 21:15,6/21/2022,Medical ,Other Expenses,191
7/2/2022 21:17,6/21/2022,Move,Food & Grocery,70
7/2/2022 21:18,6/22/2022,Dmart grocery ,Food & Grocery,1601
7/2/2022 21:19,6/23/2022,Curd Milk,Food & Grocery,68
7/2/2022 21:19,6/22/2022,Railway station ,Travelling,500
7/2/2022 21:20,6/23/2022,Medical clinics ,Other Expenses,300
7/2/2022 21:21,6/24/2022,Vegetable ,Food & Grocery,99
7/2/2022 21:22,6/25/2022,Plastic dish Shoes stand,Food & Grocery,1331
7/2/2022 21:23,6/25/2022,MacDonald ,Food & Grocery,848
7/2/2022 21:23,6/26/2022,Mask,Shopping,70
7/2/2022 21:24,6/26/2022,PaniPuri,Food & Grocery,40
7/2/2022 21:24,6/26/2022,Dosa batter milk,Food & Grocery,332
7/2/2022 21:25,6/27/2022,Shoes repair ,Food & Grocery,250
7/2/2022 21:26,6/27/2022,Pav,Food & Grocery,210
7/2/2022 21:27,6/29/2022,Chatani Powder ,Food & Grocery,125
7/2/2022 21:27,6/29/2022,Ticket SBC TO PUNE,Travelling,2200
7/2/2022 21:28,6/30/2022,Chirag Gift ,Other Expenses,1000
7/2/2022 21:30,6/23/2022,Refrigerator EMI-1,Shopping,5415
7/3/2022 7:51,7/1/2022,Rent,Rent,10100
7/3/2022 7:52,7/1/2022,Car EMI,CAR EMI,7005
7/3/2022 8:10,7/1/2022,Chirag home (ToFrom),Travelling,325
7/3/2022 8:11,7/2/2022,Dmart clothes shopping ,Shopping,1800
7/3/2022 8:11,7/2/2022,Dmart Grocery ,Food & Grocery,1738
7/3/2022 8:11,7/2/2022,Chocolate ,Food & Grocery,130
7/3/2022 8:12,7/2/2022,Om Collection ,Shopping,846
7/3/2022 8:13,6/1/2022,TATA AIA Prem - June,Other Expenses,992
7/3/2022 8:13,7/2/2022,TATA AIA PREM July ,Other Expenses,992
7/4/2022 7:34,7/3/2022,DMart shopping clothes ,Shopping,2596
7/4/2022 7:34,7/3/2022,Sweet & cold drink ,Food & Grocery,157
7/4/2022 11:44,7/4/2022,Recharge Jio Data,Mobile Recharge,301
7/4/2022 11:45,7/4/2022,Bus Pass,Travelling,1050
7/4/2022 11:45,7/4/2022,Bus Ticket ,Travelling,25
7/5/2022 8:22,7/4/2022,Lunch,Hotel & Restaurant,70
7/5/2022 8:23,7/5/2022,Mutual fund ,Other Expenses,4500
7/5/2022 8:25,7/4/2022,BSNL Recharge ,Mobile Recharge,97
7/6/2022 11:45,7/4/2022,Vegetable ,Food & Grocery,93
7/6/2022 11:45,7/6/2022,Airtel Broadband,Wifi/Internet Charges,942
7/6/2022 11:46,7/6/2022,Tea,Hotel & Restaurant,10
7/6/2022 19:55,7/6/2022,Samosa ,Hotel & Restaurant,160
7/7/2022 9:28,7/7/2022,Jagary,Food & Grocery,110
7/8/2022 11:52,7/8/2022,Train Ticket (SBC to GIMB),Travelling,4845
7/9/2022 23:42,7/9/2022,K R Market trip,Travelling,250
7/9/2022 23:44,7/9/2022,Home to SBC,Travelling,668
7/9/2022 23:44,7/9/2022,Bomanahalli to home,Travelling,30
7/11/2022 13:40,7/10/2022,Lunch Outside,Hotel & Restaurant,1230
7/11/2022 13:42,7/10/2022,Track Pant [Taruna],Shopping,399
7/11/2022 13:45,7/8/2022,Dmart Shopping (Chocolate for Ludva),Food & Grocery,1506
7/11/2022 13:47,7/11/2022,Vegetable ,Food & Grocery,190
7/11/2022 19:04,7/11/2022,Vegetable Curd Bread,Food & Grocery,195
7/12/2022 20:40,7/11/2022,Recharge Harshal,Mobile Recharge,180
7/12/2022 20:40,7/1/2022,BSNL Wifi ,Wifi/Internet Charges,200
7/12/2022 21:11,7/12/2022,Light bill,Electricity Bill,900
7/13/2022 11:45,7/13/2022,ITR ,Other Expenses,570
7/13/2022 11:45,7/13/2022,Aata,Food & Grocery,731
7/15/2022 13:16,7/14/2022,DMart shopping (West Snacks..etc),Food & Grocery,1422
7/15/2022 13:17,7/14/2022,A4 Sheet,Other Expenses,220
7/15/2022 13:17,7/15/2022,Trip to SBO,Travelling,292
7/16/2022 19:06,7/16/2022,Ticket for Tumkur ,Travelling,160
7/16/2022 19:05,7/15/2022,Dinner,Hotel & Restaurant,115
7/19/2022 10:54,7/18/2022,Hair Oil,Shopping,228
7/19/2022 10:57,7/18/2022,DMart Grocery ,Food & Grocery,4816
7/19/2022 10:59,7/18/2022,Jio Mart Grocery Ludva,Food & Grocery,1358
7/19/2022 17:51,7/16/2022,Dinner(DHOSA),Hotel & Restaurant,382
7/20/2022 19:18,7/20/2022,Stationary ,Shopping,341
7/20/2022 19:19,7/20/2022,Panipuri,Hotel & Restaurant,135
7/21/2022 15:01,7/21/2022,Cooking oil & aata,Food & Grocery,1190
7/21/2022 16:55,7/21/2022,PavBhaji School ,Other Expenses,7750
7/21/2022 16:56,7/21/2022,Recharge Mom,Mobile Recharge,107
7/24/2022 10:27,7/23/2022,Ticket,Travelling,200
7/24/2022 18:49,7/23/2022,Shacks ,Hotel & Restaurant,25
7/24/2022 20:48,7/23/2022,Om Collection ,Shopping,278
7/24/2022 20:52,7/24/2022,Dinner,Hotel & Restaurant,360
7/25/2022 16:17,7/25/2022,Vegetable ,Food & Grocery,25
7/25/2022 16:18,7/25/2022,Fruits ,Food & Grocery,330
7/26/2022 21:24,7/26/2022,Reliance Shopping,Food & Grocery,620
7/28/2022 7:43,7/27/2022,Vegetable ,Food & Grocery,98
7/28/2022 7:43,7/27/2022,Jalebi,Hotel & Restaurant,40
7/28/2022 19:42,7/28/2022,Panipuri ,Food & Grocery,120
7/31/2022 18:40,7/30/2022,Medical ,Other Expenses,243
7/31/2022 18:41,7/30/2022,Tumkur trip,Travelling,400
7/31/2022 18:41,7/31/2022,VegaCity ,Food & Grocery,283
7/31/2022 18:42,7/31/2022,French fries ,Hotel & Restaurant,75
7/31/2022 18:43,7/31/2022,Spar Super Market VegaCity,Shopping,319
7/31/2022 18:43,7/31/2022,Curd Milk ,Food & Grocery,108
7/31/2022 18:44,7/31/2022,Others ,Other Expenses,300
8/2/2022 11:22,8/1/2022,Rent,Rent,10100
8/2/2022 11:24,8/1/2022,Car EMI,CAR EMI,7005
8/2/2022 11:25,8/1/2022,Hair cut,Other Expenses,130
8/2/2022 11:25,8/1/2022,Curd,Food & Grocery,30
8/2/2022 11:25,8/2/2022,Speaker & MIC,Shopping,1749
8/2/2022 13:11,8/2/2022,Vegetable ,Food & Grocery,380
8/2/2022 18:29,8/2/2022,Dmart shopping ,Food & Grocery,1274
8/3/2022 19:30,8/3/2022,Vegetable ,Food & Grocery,226
8/3/2022 19:31,8/2/2022,PavBhaji ,Hotel & Restaurant,178
8/3/2022 19:32,8/3/2022,Curd Milk,Food & Grocery,67
8/3/2022 19:32,8/3/2022,Stationary ,Other Expenses,180
8/4/2022 22:05,8/4/2022,Donation ,Other Expenses,200
8/5/2022 12:57,8/5/2022,Curd,Food & Grocery,91
8/5/2022 12:58,8/5/2022,Recharge Self VI,Mobile Recharge,1799
8/6/2022 6:48,8/6/2022,Ticket to Majestic ,Travelling,30
8/6/2022 6:49,8/6/2022,Ticket to TK,Travelling,160
8/6/2022 6:49,8/6/2022,Mutual fund ,Other Expenses,4500
8/6/2022 19:09,8/6/2022,Metro ticket ,Travelling,35
8/7/2022 12:23,8/7/2022,Wifi Bill,Wifi/Internet Charges,235
8/7/2022 12:23,8/7/2022,GAS bill ,Other Expenses,1100
8/8/2022 8:17,8/7/2022,Bread butter ,Food & Grocery,210
8/9/2022 12:46,8/8/2022,Kaju Masala,Hotel & Restaurant,981
8/9/2022 12:47,8/9/2022,Medical ,Other Expenses,316
8/10/2022 14:38,8/10/2022,Dmart shopping ,Food & Grocery,775
8/10/2022 14:39,8/10/2022,Reliance ,Food & Grocery,336
8/12/2022 10:49,8/12/2022,Grocery ,Food & Grocery,210
8/12/2022 10:50,8/12/2022,Coconut water ,Other Expenses,80
8/14/2022 18:31,8/14/2022,Tumkur trip ,Travelling,275
8/14/2022 18:31,8/14/2022,Sev and Dana,Food & Grocery,180
8/14/2022 18:32,8/14/2022,Curd Rusk Milk,Food & Grocery,320
8/16/2022 10:29,8/16/2022,Yatra,Travelling,42000
8/16/2022 10:30,8/16/2022,Harshal & Ayush,Other Expenses,6500
8/16/2022 10:30,8/15/2022,Tamu Dress Shopping ,Shopping,3305
8/16/2022 22:12,8/16/2022,Dinner ,Hotel & Restaurant,764
8/16/2022 22:13,8/16/2022,Dhimahi shopping ,Shopping,200
8/16/2022 22:13,8/16/2022,Petrol ,Other Expenses,500
8/17/2022 20:58,8/17/2022,Ludva Gruhini,Other Expenses,1200
8/17/2022 20:58,8/17/2022,Pani Puri,Hotel & Restaurant,50
8/17/2022 20:58,8/17/2022,Dhimahi Catleri,Shopping,200
8/17/2022 20:59,8/17/2022,Waxing ,Other Expenses,350
8/18/2022 16:43,8/18/2022,Milk cupon ,Food & Grocery,1270
8/20/2022 9:08,8/20/2022,Breakfast ,Hotel & Restaurant,284
8/20/2022 9:08,8/20/2022,Coconut water Panipuri ,Hotel & Restaurant,170
8/22/2022 11:55,8/22/2022,Vegetable ,Food & Grocery,80
8/22/2022 11:56,8/22/2022,Shopping ,Shopping,450
8/24/2022 13:01,8/23/2022,Pizzza,Hotel & Restaurant,730
8/24/2022 13:01,8/24/2022,Bus Pass,Travelling,70
8/24/2022 13:01,8/24/2022,Lunch,Hotel & Restaurant,71
8/26/2022 19:53,8/25/2022,Vegetable,Food & Grocery,115
8/26/2022 19:53,8/26/2022,Curd & Milk,Food & Grocery,100
8/27/2022 20:01,8/27/2022,Cab,Travelling,337
8/27/2022 20:01,8/27/2022,Tumkur ticket ,Travelling,160
8/27/2022 20:01,8/27/2022,Cab,Travelling,201
8/29/2022 15:41,8/28/2022,shopping,Shopping,1313
8/29/2022 15:41,8/29/2022,curd,Food & Grocery,24
8/29/2022 15:42,8/28/2022,Smart Watch for Bhupen,Shopping,1529
8/31/2022 1:28,8/31/2022,Dmart Shopping (mats shaving cream tooth paste),Food & Grocery,724
8/31/2022 1:30,8/31/2022,Dhimahi School Fees,Other Expenses,10000
8/31/2022 21:29,8/31/2022,Ganapati ,Other Expenses,904
9/2/2022 7:13,9/1/2022,Cab,Travelling,800
9/2/2022 7:13,9/1/2022,Dinner & Lunch (Bhupen),Hotel & Restaurant,1500
9/3/2022 6:06,9/2/2022,Breakfast with Bhupen ,Hotel & Restaurant,450
9/3/2022 19:43,9/3/2022,Tumkur trip,Travelling,355
9/4/2022 10:13,9/3/2022,Pani Puri + Potetos ,Food & Grocery,250
9/6/2022 20:14,9/4/2022,Ice cream ,Hotel & Restaurant,276
9/6/2022 20:15,9/4/2022,Dosa batter ,Food & Grocery,325
9/6/2022 20:16,9/6/2022,Vegitable ,Food & Grocery,99
9/6/2022 20:18,9/6/2022,Wifi recharge ,Wifi/Internet Charges,235
9/7/2022 19:06,9/7/2022,Reliance shopping ,Food & Grocery,244
9/8/2022 14:26,9/8/2022,Lunch,Hotel & Restaurant,480
9/8/2022 14:26,9/8/2022,Ice cream ,Hotel & Restaurant,180
9/9/2022 14:49,9/9/2022,Rent,Rent,10100
9/9/2022 14:49,9/9/2022,Car EMI,CAR EMI,7005
